chrom	pos	end	svtype	length	support	median_mapq	example_reads	example_ins_seq	genes
chr17	7639519	7639519	INS	88	1	60	d306bb4c-4bb1-4cce-ab78-ab1148079f1c	TCCCTTCCTTCCTTCCTTCCTTCCTTCCTTCCTTCCTTCCTTCCTTCCTTCCTTCCTTCCTTCCTTCCTTCCTTCCTTCCTTCCTTCC	
chr17	7668439	7668439	INS	51	1	60	0648b483-f7ef-4469-b4f1-d2c0e7421b5b	GTAAAATAAGAGATCGATATAAAAATGGGATATAAAAAGGGAGAAGGAGGG	TP53
chr17	7668440	7668440	INS	31	1	60	05c9afd8-8d95-4b4b-bf30-5033a6b1f8de	TAAAATAAGAGATCGATATAAAAATGGGATA	TP53
chr17	7668459	7668459	INS	39	2	60	e9cd6b6c-383e-4624-8d57-bd1419f43dd0,d90db939-8ddb-4dbc-84c4-2cc250265766	GAGAGAGAGAGAGAGAGAGAGAGAGAGAGAGAGAGAGAGAG	TP53
chr17	7668462	7668462	INS	32	2	60	3b58bd9d-45ed-4508-bbc4-b22a61b6eb27,8b7162ab-8a4f-4ba8-aeb8-1cb1023c20a8	AAAATGGGATATAAAAAGGGAGAAGGAGGGGTG	TP53
chr17	7668470	7668499	DEL	30	1	60	744c1fab-56a3-418f-b5d3-4981f566faf4		TP53
chr17	7668472	7668472	INS	35	1	60	eed9e513-247d-4db0-910e-aa08f5da3a38	ATAAAAAAAAAAAAAAAAAAAAAAAAAAAAAAAAA	TP53
chr17	7668488	7668488	INS	35	1	60	fd6585f3-7786-4bce-9877-d15541b686f6	GGGTGAAAATGCAGATGTGCTTGCAGAATGTAAAA	TP53
chr17	7668524	7668524	INS	56	1	60	d7e5465e-6e03-4440-9a7a-3fa3dd4b7803	TGAGTAGAAGAAGAAGAAGAAGAAGAAGAAGAAGAAGAAGAAGAAGAAGAAGAAGA	TP53
chr17	7668577	7668616	DEL	40	1	60	3d51cc5d-e828-4563-8cae-826736b087af		TP53
chr17	7668598	7668598	INS	42	1	44	5dc53456-d30e-4a51-b411-8a22342cfd93	GGTGGGTGGATCACTTGAGGTCAGGAGGCTGAGGCTGAGGCT	TP53
chr17	7668604	7668604	INS	83	1	60	8f42d58b-ee3f-4bfa-b678-7f5449fe4bf1	AGGATCACCTGGGAGGAGAGAGAGAGAGAGAGAGAGAGAGATTCTTCTTCTTCTTCTTCTTCTTCTTCTTCTTCTTTTTTTTT	TP53
chr17	7668641	7668641	INS	283	1	45	33080f83-7604-4222-93ac-d9c7fb4131db	GCAACACTGTGAGACCCCATCTCTACAAAACATGCAAAAGTTGGCTGGCCATGGTGGCATGAACCTGTGGTCCCAGCTACTCCGGAGGCTGAGGCAGGAGAATTGCAGTGAGCCGAGATCGCTTTCTTCTTCTTCTTCTTCTTCTTCTTCTTCTTCTTCTTCTTCTTCTTCTTCTTCTTCTTCTTCTTCTTCTTCTTCTTCTTCTTCTTCTTCTTCTTCTTCTTCTTCTTCTTCTTCTTCTTCTTCTTCTTCTTCTTCTTCTTCTTCTTCTTCTTCTTCTTCT	TP53
chr17	7668707	7668707	INS	51	1	55	3d64bfac-c10b-44d1-987b-66ff0cd777fa	ATGGTGGTGGTGGTGGTGGTGGTGGTGGTGGTGGTGGTGGTGGTGGTGGTG	TP53
chr17	7668721	7668721	INS	46	2	52	3d51cc5d-e828-4563-8cae-826736b087af,5dc53456-d30e-4a51-b411-8a22342cfd93	ACTCCGGAGGCTGGCCATGGTGGCATGAACCTGTGGTCCCAGCTA	TP53
chr17	7668724	7668724	INS	31	1	59	1112ea8c-fc15-427f-970f-61db19df591e	AGCTACTCAGGAGGCTGAGGCTGAGGCTGAG	TP53
chr17	7668727	7668727	INS	38	1	60	dcf80f37-46c1-4040-9966-63c3f71d7a65	CCACCACCACCACCACCACCACCACCACCACCACCACC	TP53
chr17	7668751	7668751	INS	30	1	60	e98abb23-5480-438e-9b93-4b3e95992ded	TGGGCAAAAAAAAAAAAAAAAAAAAAATTA	TP53
chr17	7668805	7668805	INS	30	1	60	3cfdd99e-cd24-4732-b28c-d2b53beea3f4	AGGCTGAGGTTTTTCACCACCACTGCACTC	TP53
chr17	7668849	7668849	INS	69	1	55	3d64bfac-c10b-44d1-987b-66ff0cd777fa	AAAAAAAAAAAAAAAAACAACACCACCACCACCACCACCACCACCACCACCACCACCACCACCACCACC	TP53
chr17	7668865	7668865	INS	431	1	60	7a5db7af-9a9b-46a9-9adb-6cadfef70c9a	ATTGACCCTGAGCATAAAACAAGTCTTGGTGGATCCAGATCATCATATACAAGAGATGAAATCCTCCAGGGTGTGGGATGGGGTGAGATTTCCTTTTAGGTACTAAGGTTCACCAAGAGGTTGACAGGGTTTGGCTGCCAGCAGAGACTTGACAACTCCCTCTACCTAACCAGCTGCCCCACCACCACCACCACCACCACCACCACCTTCTTCTTCTTCTTCTTCTTCTTCTTCTTCTTCTTCTTCTTCTTCTTCTTCTTCTTCTTCTTCTTCTTCTTCTTCTTCTTCTTCTTCTTCTTCTTCTTCTTCTTCTTCTTCTTCTTCTTCTTCTTCTTCTTCTTCTTCTTCTTCTTCTTCTTCTTCTTCTTCTTCTTTCTTCTTCTTCTTCTTCTTCTTCTTCTTCTTCTTACTGTAGAGAGAGAGAGAGAGAG	TP53
chr17	7669031	7669031	INS	66	1	60	acce5230-7b10-4c99-b8b6-f5e80008b903	TCTACCCAACCACCACCACCACCATCTTCTTCTTCTTCTTCTTCTTCTTCTTCTTCTTCTTCTTCT	TP53
chr17	7669048	7669048	INS	77	1	59	1112ea8c-fc15-427f-970f-61db19df591e	TTCTTCTTCTTCTTCTTCTTCTTCTTCTTCTTCTTCTTCTTCTTCTTCTTCTTCTTCTTCTTCTTCTTCTGTAGAAA	TP53
chr17	7669143	7669143	INS	104	1	60	d3057ad3-200c-4558-86c1-6b0da41a3949	ATTCTTCTTCTTCTTCTTCTTCTTCTTCTTCTTCTTCTTCTTCTTCTTCTTCTTCTTCTTCTTCTTCTTCTTCTTCTTCTTCTTCTTCTTCTTTTTTTTTTTTT	TP53
